16.7317,-9.32365,0.011282 16.7317,-9.32365,68.75
-0.161419,-8.358,0.011282 -0.161419,-8.358,68.75
4.00857,8.27769,0.011282 4.00857,8.27769,68.75
2.90956,2.20123,0.011282 2.90956,2.20123,68.75
-10.1228,-6.76746,7.86793 -19.2145,-2.67177,68.75
-10.3142,9.64061,7.45221 -19.4925,3.62299,68.75
-6.55251,-3.33368,7.02212 -18.3993,-1.19152,68.75
-16.5989,3.5316,9.69468 -21.3501,1.53897,68.75
-9.91528,-12.408,6.71895 -19.7053,-4.40914,68.75
-8.79132,-5.9396,7.55893 -18.7755,-2.25631,68.75
5.80479,12.4481,0.011282 5.80479,12.4481,68.75
5.59694,3.1147,0.011282 5.59694,3.1147,68.75
-18.9099,4.19796,9.97341 -22.3028,1.84414,68.75
-10.829,9.90751,7.54928 -19.574,3.84034,68.75
11.5094,-13.6851,0.011282 11.5094,-13.6851,68.75
5.41294,-6.1408,0.011282 5.41294,-6.1408,68.75
-2.91165,1.81717,5.60652 -17.9107,0.570721,68.75
-13.2913,-11.0314,7.95139 -20.5446,-4.20835,68.75
-0.547351,1.53461,4.48908 -17.9748,0.39224,68.75
-2.08419,-10.9953,0.011282 -2.08419,-10.9953,68.75
-10.8732,3.8201,8.39643 -19.2744,1.53033,68.75
5.10184,-8.83565,0.011282 5.10184,-8.83565,68.75
-16.0921,7.93059,9.11002 -21.2763,3.30405,68.75
-19.4455,8.32882,9.52542 -22.6965,3.46378,68.75
-4.25304,6.1466,5.84022 -18.0363,1.99821,68.75
-4.83804,16.5206,0.011282 -4.83804,16.5206,68.75
19.7672,-0.0850177,0.011282 19.7672,-0.0850177,68.75
-10.3341,0.176104,8.38694 -19.1526,0.0605375,68.75
7.14072,5.54675,0.011282 7.14072,5.54675,68.75
8.26054,-8.19971,0.011282 8.26054,-8.19971,68.75
-12.6842,10.3758,7.94585 -20.2854,3.94093,68.75
-20.825,2.32066,10.2863 -23.0746,1.0613,68.75
0.912307,-12.4104,0.011282 0.912307,-12.4104,68.75
-10.8993,5.34531,8.26456 -19.3307,2.15045,68.75
-4.67366,-10.165,5.34833 -18.6469,-3.12219,68.75
12.6076,-16.3054,0.011282 12.6076,-16.3054,68.75
15.0949,7.77052,0.011282 15.0949,7.77052,68.75
15.4851,6.75587,0.011282 15.4851,6.75587,68.75
0.65376,5.61428,0.011282 0.65376,5.61428,68.75
9.94368,-7.41035,0.011282 9.94368,-7.41035,68.75
-14.0849,-8.83284,8.56539 -20.6339,-3.57654,68.75
0.313968,-0.624436,0.011282 0.313968,-0.624436,68.75
-8.6449,-13.5992,6.00087 -19.4803,-4.58724,68.75
-1.65821,-4.93334,4.80943 -17.9645,-1.54178,68.75
2.66135,6.92536,0.011282 2.66135,6.92536,68.75
-6.39651,-11.5773,5.71879 -18.9683,-3.79805,68.75
-4.72616,-3.96741,6.26098 -18.0478,-1.31757,68.75
-7.87607,16.4577,4.86127 -19.8013,5.04154,68.75
-13.5639,5.45956,8.92841 -20.3306,2.19602,68.75
-5.50778,-13.9397,4.7571 -19.2661,-4.03557,68.75
0.53688,-12.2057,0.011282 0.53688,-12.2057,68.75
-15.0956,4.04693,9.38459 -20.7648,1.72774,68.75
-5.08299,0.134239,6.56526 -17.897,0.0784042,68.75
3.9063,0.10355,0.011282 3.9063,0.10355,68.75
-4.27766,3.7751,6.08948 -18.0337,1.28769,68.75
-6.80364,-17.5982,0.011282 -6.80364,-17.5982,68.75
-8.81882,-4.7967,7.6909 -18.8181,-1.78728,68.75
-1.66566,12.6383,0.011282 -1.66566,12.6383,68.75
17.0066,1.8353,0.011282 17.0066,1.8353,68.75
17.9551,2.10719,0.011282 17.9551,2.10719,68.75
-11.2486,-9.40066,7.7643 -19.7593,-3.60613,68.75
-5.06988,6.57602,6.12217 -18.3389,2.20041,68.75
-3.33012,-4.39673,5.62965 -17.8503,-1.50846,68.75
-1.09076,3.63774,4.64805 -17.8742,1.05457,68.75
5.78983,10.2672,0.011282 5.78983,10.2672,68.75
3.91016,-1.26557,0.011282 3.91016,-1.26557,68.75
-2.55411,9.4572,4.56164 -18.6419,2.71099,68.75
-3.81284,-6.64985,5.58698 -18.1912,-2.18547,68.75
12.4827,-3.66186,0.011282 12.4827,-3.66186,68.75
-3.87557,-1.79978,6.03064 -17.8198,-0.641083,68.75
-0.455272,0.079426,4.4668 -17.9259,0.00328726,68.75
-16.964,10.9717,8.68661 -21.7527,4.44171,68.75
-8.96299,0.312821,7.96648 -18.7785,0.0986931,68.75
12.8279,2.49664,0.011282 12.8279,2.49664,68.75
-4.99991,5.60994,6.21342 -18.0825,1.92025,68.75
7.85051,4.54702,0.011282 7.85051,4.54702,68.75
-6.68574,-3.16537,7.08251 -18.2062,-1.18564,68.75
-2.72751,1.11083,5.54418 -17.9162,0.381295,68.75
-4.96284,0.183904,6.51668 -18.1371,0.0113794,68.75
-5.30483,11.6902,5.26582 -18.7701,3.67912,68.75
0.665225,-0.0534048,0.011282 0.665225,-0.0534048,68.75
-13.2841,1.70579,9.13054 -20.1582,0.70946,68.75
-11.1307,1.72351,8.58363 -19.4585,0.664206,68.75
-10.6662,-16.621,5.70255 -20.3189,-5.41822,68.75
5.69163,3.20363,0.011282 5.69163,3.20363,68.75
-0.0144773,9.03672,0.011282 -0.0144773,9.03672,68.75
2.04561,6.33141,0.011282 2.04561,6.33141,68.75
-1.74611,-5.8554,4.74917 -18.1788,-1.68205,68.75
-48.6857,-0.151959,4.89242 -142.882,-0.244552,68.75
1.06452,-0.727863,0.011282 1.06452,-0.727863,68.75
-6.67527,-9.98057,6.17369 -18.7979,-3.32981,68.75
1.86279,1.87026,0.011282 1.86279,1.87026,68.75
-0.265703,-0.0619449,4.3712 -17.7623,0.0143755,68.75
6.08662,4.34726,0.011282 6.08662,4.34726,68.75
2.53755,0.951825,0.011282 2.53755,0.951825,68.75
10.8569,-5.0156,0.011282 10.8569,-5.0156,68.75
2.49861,1.92577,0.011282 2.49861,1.92577,68.75
-2.29207,-3.77737,5.21123 -17.9773,-1.22307,68.75
-1.20002,13.3025,0.011282 -1.20002,13.3025,68.75
-7.3546,0.39709,7.42317 -18.3324,0.157562,68.75
1.12792,2.3496,0.011282 1.12792,2.3496,68.75
13.2318,-11.1915,0.011282 13.2318,-11.1915,68.75
-1.95147,-2.08777,5.15286 -17.9578,-0.617139,68.75
2.4707,-7.26053,0.011282 2.4707,-7.26053,68.75
11.0123,-12.2658,0.011282 11.0123,-12.2658,68.75
5.4168,2.84514,0.011282 5.4168,2.84514,68.75
7.11991,-16.1333,0.011282 7.11991,-16.1333,68.75
-5.3108,0.0732179,6.65633 -18.1061,0.017436,68.75
8.24919,-0.243202,0.011282 8.24919,-0.243202,68.75
-13.708,-0.134314,9.25583 -20.2693,-0.0481976,68.75
-5.05291,5.24662,6.27467 -18.185,1.78902,68.75
0.375503,0.688785,0.011282 0.375503,0.688785,68.75
0.545196,-9.75125,0.011282 0.545196,-9.75125,68.75
5.65944,9.17655,0.011282 5.65944,9.17655,68.75
4.44277,17.6328,0.011282 4.44277,17.6328,68.75
6.52458,-2.7094,0.011282 6.52458,-2.7094,68.75
-0.328491,-1.07912,4.39111 -17.7997,-0.239849,68.75
18.6759,3.55391,0.011282 18.6759,3.55391,68.75
-6.20055,4.79601,6.77002 -18.2478,1.7364,68.75
0.684098,-7.84175,0.011282 0.684098,-7.84175,68.75
-13.3199,-3.27669,9.06161 -20.1617,-1.34756,68.75
-3.71472,-8.36129,5.28202 -18.3139,-2.68417,68.75
2.47901,3.86622,0.011282 2.47901,3.86622,68.75
16.2275,12.2264,0.011282 16.2275,12.2264,68.75
-1.14546,-5.64549,4.48263 -18.147,-1.64224,68.75
-0.300224,0.949269,4.37944 -17.7812,0.26249,68.75
11.9902,-5.13051,0.011282 11.9902,-5.13051,68.75
0.429292,-1.37459,0.011282 0.429292,-1.37459,68.75
17.9619,3.49506,0.011282 17.9619,3.49506,68.75
8.70173,0.182413,0.011282 8.70173,0.182413,68.75
-5.97234,11.7065,5.52584 -18.9066,3.70241,68.75
0.990768,-9.3838,0.011282 0.990768,-9.3838,68.75
2.3265,4.59518,0.011282 2.3265,4.59518,68.75
0.775606,1.24704,0.011282 0.775606,1.24704,68.75
19.5703,1.48626,0.011282 19.5703,1.48626,68.75
-4.48311,-2.08578,6.2759 -17.9941,-0.725247,68.75
-1.8288,-11.8032,0.011282 -1.8288,-11.8032,68.75
-11.5837,-5.9048,8.38949 -19.6554,-2.35288,68.75
0.966294,4.90743,0.011282 0.966294,4.90743,68.75
0.18778,11.8271,0.011282 0.18778,11.8271,68.75
2.3713,-0.636131,0.011282 2.3713,-0.636131,68.75
-13.1846,6.52075,8.71489 -20.2807,2.62748,68.75
4.29384,-6.85877,0.011282 4.29384,-6.85877,68.75
13.2723,-1.645,0.011282 13.2723,-1.645,68.75
9.03934,-2.5716,0.011282 9.03934,-2.5716,68.75
7.35218,1.07144,0.011282 7.35218,1.07144,68.75
6.61733,11.0549,0.011282 6.61733,11.0549,68.75
-12.9103,-0.139892,9.07135 -20.0173,-0.0469237,68.75
4.1144,-0.933255,0.011282 4.1144,-0.933255,68.75
-1.54207,3.91023,4.84625 -17.84,1.25584,68.75
-7.07294,-6.91553,6.84289 -18.644,-2.41584,68.75
1.56752,8.70077,0.011282 1.56752,8.70077,68.75
1.98963,-18.502,0.011282 1.98963,-18.502,68.75
-5.17881,14.7091,4.39729 -19.1924,4.24459,68.75
-3.50097,-9.5654,4.96764 -18.5866,-2.9277,68.75
0.0462647,0.122076,0.011282 0.0462647,0.122076,68.75
0.286485,-8.56973,0.011282 0.286485,-8.56973,68.75
4.62788,-14.7028,0.011282 4.62788,-14.7028,68.75
-2.16095,-6.78053,4.82557 -17.9781,-2.02016,68.75
8.83075,-0.401526,0.011282 8.83075,-0.401526,68.75
6.48967,0.107882,0.011282 6.48967,0.107882,68.75
0.0757734,0.226766,0.011282 0.0757734,0.226766,68.75
8.04939,-1.45447,0.011282 8.04939,-1.45447,68.75
5.78851,10.2918,0.011282 5.78851,10.2918,68.75
-13.6721,-2.01255,9.2077 -20.2356,-0.825503,68.75
-4.27464,1.12035,6.22029 -17.8442,0.349736,68.75
15.5651,-13.7092,0.011282 15.5651,-13.7092,68.75
4.46584,3.62993,0.011282 4.46584,3.62993,68.75
9.03522,2.10594,0.011282 9.03522,2.10594,68.75
2.86184,2.68745,0.011282 2.86184,2.68745,68.75
-19.1288,-5.72291,9.85038 -22.4496,-2.4877,68.75
7.24511,14.1034,0.011282 7.24511,14.1034,68.75
4.2083,2.94732,0.011282 4.2083,2.94732,68.75
-3.62236,11.5269,4.59672 -18.9811,3.27427,68.75
-3.97144,-7.90831,5.46832 -18.2084,-2.51435,68.75
0.164327,-0.743847,0.011282 0.164327,-0.743847,68.75
12.1988,13.8293,0.011282 12.1988,13.8293,68.75
-12.4882,-0.421359,8.96702 -19.7817,-0.198735,68.75
7.16475,0.699068,0.011282 7.16475,0.699068,68.75
-3.1519,-5.61667,5.42627 -18.021,-1.84045,68.75
-4.99662,-7.03338,6.0294 -18.2069,-2.42018,68.75
6.95647,-5.23103,0.011282 6.95647,-5.23103,68.75
-0.818016,-5.29658,4.36066 -18.1158,-1.54068,68.75
9.67341,10.1504,0.011282 9.67341,10.1504,68.75
3.48856,1.27768,0.011282 3.48856,1.27768,68.75
-2.26313,-2.41801,5.28366 -17.8338,-0.71288,68.75
3.68283,-14.6858,0.011282 3.68283,-14.6858,68.75
4.0975,-5.07578,0.011282 4.0975,-5.07578,68.75
-3.06105,-1.42918,5.68583 -17.8209,-0.461722,68.75
-8.90161,2.71537,7.87385 -18.7285,1.02691,68.75
-3.69527,-9.64525,5.03711 -18.3772,-3.03143,68.75
11.2674,8.56138,0.011282 11.2674,8.56138,68.75
3.72471,-9.81179,0.011282 3.72471,-9.81179,68.75
8.09254,6.16619,0.011282 8.09254,6.16619,68.75
3.50373,-3.53267,0.011282 3.50373,-3.53267,68.75
-0.646365,14.5111,0.011282 -0.646365,14.5111,68.75
-16.263,12.3972,8.23849 -21.5791,4.87485,68.75
-4.06925,7.05583,5.64004 -18.086,2.29788,68.75
-5.72321,-15.5589,4.35194 -19.5299,-4.47784,68.75
-0.646393,0.00944617,4.56336 -18.0908,-0.0665782,68.75
6.09977,-1.24129,0.011282 6.09977,-1.24129,68.75
-2.90176,3.77079,5.49056 -17.9011,1.19336,68.75
-0.758835,-19.9183,0.011282 -0.758835,-19.9183,68.75
13.8496,1.28307,0.011282 13.8496,1.28307,68.75
-9.56046,10.9989,6.94217 -19.4046,4.0418,68.75
14.8884,9.60507,0.011282 14.8884,9.60507,68.75
2.53864,-3.49606,0.011282 2.53864,-3.49606,68.75
11.5992,-6.43344,0.011282 11.5992,-6.43344,68.75
8.53461,4.79399,0.011282 8.53461,4.79399,68.75
-18.8413,-7.47165,9.58895 -22.3766,-3.14454,68.75
-1.67592,-12.0465,0.011282 -1.67592,-12.0465,68.75
12.1347,13.9385,0.011282 12.1347,13.9385,68.75
-3.23706,-7.84549,5.15714 -18.3643,-2.41424,68.75
-6.66463,9.13387,6.33377 -18.8323,3.13378,68.75
6.60812,6.39092,0.011282 6.60812,6.39092,68.75
-2.49073,16.3468,0.011282 -2.49073,16.3468,68.75
0.321821,0.207328,0.011282 0.321821,0.207328,68.75
-14.6366,-6.67831,9.01343 -20.7175,-2.76735,68.75
-0.308983,9.36628,0.011282 -0.308983,9.36628,68.75
8.71197,7.18762,0.011282 8.71197,7.18762,68.75
-6.02943,-1.12246,6.92423 -18.0681,-0.438872,68.75
6.85143,4.97933,0.011282 6.85143,4.97933,68.75
0.901781,8.94836,0.011282 0.901781,8.94836,68.75
6.21761,-17.4584,0.011282 6.21761,-17.4584,68.75
6.99345,-18.7074,0.011282 6.99345,-18.7074,68.75
5.58401,-1.80729,0.011282 5.58401,-1.80729,68.75
7.37747,-3.54165,0.011282 7.37747,-3.54165,68.75
-4.16154,16.9061,0.011282 -4.16154,16.9061,68.75
-1.66438,-1.93323,5.02321 -17.7155,-0.599396,68.75
17.2888,8.35585,0.011282 17.2888,8.35585,68.75
-11.5098,-12.079,7.25884 -19.9622,-4.53495,68.75
-13.891,2.01762,9.25627 -20.3483,0.850137,68.75
-11.8031,12.3258,7.27687 -20.0524,4.56528,68.75
6.96454,-1.31544,0.011282 6.96454,-1.31544,68.75
-0.62803,1.35825,4.53493 -18.0523,0.368863,68.75
11.8242,15.491,0.011282 11.8242,15.491,68.75
-10.9436,-17.885,5.33837 -20.6329,-5.59482,68.75
-1.29534,1.70675,4.85374 -17.7606,0.483194,68.75
6.88879,5.87078,0.011282 6.88879,5.87078,68.75
-10.6042,2.09374,8.42151 -19.2184,0.845221,68.75
6.31208,-1.62396,0.011282 6.31208,-1.62396,68.75
-7.04833,-5.30862,7.03212 -18.6046,-1.94039,68.75
-0.867486,-1.93193,4.63557 -17.7935,-0.52552,68.75
-4.22301,2.75455,6.13429 -18.0646,0.870871,68.75
5.62125,14.1476,0.011282 5.62125,14.1476,68.75
-0.00237318,-17.2889,0.011282 -0.00237318,-17.2889,68.75
10.962,9.6215,0.011282 10.962,9.6215,68.75
8.23368,-0.0541301,0.011282 8.23368,-0.0541301,68.75
-1.01738,11.0433,0.011282 -1.01738,11.0433,68.75
-3.25258,-3.88116,5.63871 -17.8189,-1.24713,68.75
0.455231,-9.92759,0.011282 0.455231,-9.92759,68.75
4.79687,5.46559,0.011282 4.79687,5.46559,68.75
-16.8358,-3.24284,9.75237 -21.5399,-1.36599,68.75
16.9312,-7.15654,0.011282 16.9312,-7.15654,68.75
7.19929,-5.29096,0.011282 7.19929,-5.29096,68.75
1.62338,-5.83572,0.011282 1.62338,-5.83572,68.75
5.50344,-7.38619,0.011282 5.50344,-7.38619,68.75
4.2056,6.9806,0.011282 4.2056,6.9806,68.75
-1.01143,-7.44919,0.011282 -1.01143,-7.44919,68.75
-6.69554,-13.892,5.23041 -19.3417,-4.2758,68.75
-1.31774,-0.907435,4.88587 -17.8074,-0.259525,68.75
2.79541,-11.6664,0.011282 2.79541,-11.6664,68.75
-3.90238,-5.84131,5.72795 -18.1637,-1.95343,68.75
-15.9894,3.67976,9.57928 -21.1618,1.56312,68.75
18.7352,4.40524,0.011282 18.7352,4.40524,68.75
-2.94086,-13.4871,0.011282 -2.94086,-13.4871,68.75
5.03615,18.1793,0.011282 5.03615,18.1793,68.75
6.05427,6.65422,0.011282 6.05427,6.65422,68.75
3.88277,-1.67083,0.011282 3.88277,-1.67083,68.75
-0.804696,-6.63657,0.011282 -0.804696,-6.63657,68.75
-7.53106,-5.7974,7.14924 -18.6203,-2.14051,68.75
-47.1275,-8.64931,4.8577 -134.967,-42.7855,68.75
4.33323,-9.61696,0.011282 4.33323,-9.61696,68.75
1.75373,2.11275,0.011282 1.75373,2.11275,68.75
-0.320706,-8.34273,0.011282 -0.320706,-8.34273,68.75
14.2114,-3.39592,0.011282 14.2114,-3.39592,68.75
16.8681,3.18767,0.011282 16.8681,3.18767,68.75
5.84435,1.7269,0.011282 5.84435,1.7269,68.75
0.0207388,-0.0568241,0.011282 0.0207388,-0.0568241,68.75
18.3619,2.07674,0.011282 18.3619,2.07674,68.75
-0.688945,-0.203122,4.5844 -18.1276,-0.127122,68.75
3.0819,8.34001,0.011282 3.0819,8.34001,68.75
-6.81952,17.4374,0.011282 -6.81952,17.4374,68.75
-4.49086,2.58183,6.25566 -17.966,0.867578,68.75
-0.976904,8.45172,0.011282 -0.976904,8.45172,68.75
-4.22388,10.5539,5.07677 -18.5946,3.31045,68.75
1.77224,-0.402426,0.011282 1.77224,-0.402426,68.75
-7.36235,12.8449,5.76012 -19.2768,4.10859,68.75
9.28807,18.4697,0.011282 9.28807,18.4697,68.75
5.27738,-4.63791,0.011282 5.27738,-4.63791,68.75
-1.04492,-13.2586,0.011282 -1.04492,-13.2586,68.75
1.36929,-4.97369,0.011282 1.36929,-4.97369,68.75
-1.15186,-5.00088,4.55661 -18.2327,-1.44807,68.75
1.52571,-12.6081,0.011282 1.52571,-12.6081,68.75
-6.5126,-10.8795,5.92209 -18.9303,-3.63739,68.75
6.69762,-19.4724,0.011282 6.69762,-19.4724,68.75
18.2589,-5.06386,0.011282 18.2589,-5.06386,68.75
-8.16241,1.06675,7.69283 -18.5821,0.383887,68.75
-8.40456,1.54178,7.76117 -18.658,0.599642,68.75
-5.93994,-5.44618,6.60305 -18.2656,-1.97015,68.75
-7.90317,-5.39652,7.32368 -18.6818,-1.94641,68.75
-8.87235,-9.14958,7.09868 -19.0182,-3.35058,68.75
15.5981,-12.7245,0.011282 15.5981,-12.7245,68.75
0.316773,-4.87584,0.011282 0.316773,-4.87584,68.75
11.4461,-17.7188,0.011282 11.4461,-17.7188,68.75
-0.662344,-4.45618,4.36724 -17.8809,-1.34249,68.75
6.57869,4.09892,0.011282 6.57869,4.09892,68.75
-0.998279,1.19698,4.72358 -17.9398,0.383294,68.75
-2.53999,3.84271,5.32031 -17.9685,1.19166,68.75
14.144,-13.2118,0.011282 14.144,-13.2118,68.75
4.52106,0.0947917,0.011282 4.52106,0.0947917,68.75
2.11551,-2.70573,0.011282 2.11551,-2.70573,68.75
-0.229453,-0.868391,4.34521 -17.9211,-0.173248,68.75
-10.3362,12.2448,6.88593 -19.7086,4.44931,68.75
7.15065,1.11016,0.011282 7.15065,1.11016,68.75
3.39028,-0.0773676,0.011282 3.39028,-0.0773676,68.75
2.98324,-0.358185,0.011282 2.98324,-0.358185,68.75
0.185248,-3.91755,0.011282 0.185248,-3.91755,68.75
-9.80328,6.56156,7.79926 -19.2579,2.49956,68.75
-0.487059,0.0220942,4.48296 -17.9533,-0.0540254,68.75
5.20535,5.04599,0.011282 5.20535,5.04599,68.75
-2.38692,-9.20291,4.53281 -18.5404,-2.59449,68.75
12.3058,14.0997,0.011282 12.3058,14.0997,68.75
-11.6891,-9.36288,7.89063 -19.8296,-3.6098,68.75
1.43407,4.1886,0.011282 1.43407,4.1886,68.75
1.48309,-0.8938,0.011282 1.48309,-0.8938,68.75
2.6121,3.07056,0.011282 2.6121,3.07056,68.75
11.4154,14.5374,0.011282 11.4154,14.5374,68.75
-0.684014,-10.9478,0.011282 -0.684014,-10.9478,68.75
3.00359,5.26778,0.011282 3.00359,5.26778,68.75
16.7535,-12.5108,0.011282 16.7535,-12.5108,68.75
3.23035,-9.13147,0.011282 3.23035,-9.13147,68.75
20.4544,-0.950579,0.011282 20.4544,-0.950579,68.75
-9.61032,8.11828,7.51127 -19.3137,3.01283,68.75
-3.85329,5.14883,5.78452 -18.1985,1.63843,68.75
5.42042,7.00973,0.011282 5.42042,7.00973,68.75
-11.722,10.7805,7.61356 -19.9558,4.05367,68.75
4.23467,-0.111028,0.011282 4.23467,-0.111028,68.75
-3.22937,-5.7559,5.44446 -17.9576,-1.87823,68.75
13.0831,11.0908,0.011282 13.0831,11.0908,68.75
0.653319,15.9515,0.011282 0.653319,15.9515,68.75
-10.2111,10.4691,7.25458 -19.4639,3.93029,68.75
0.227443,2.37706,0.011282 0.227443,2.37706,68.75
10.9461,10.0084,0.011282 10.9461,10.0084,68.75
1.8514,0.360649,0.011282 1.8514,0.360649,68.75
2.71539,-5.54486,0.011282 2.71539,-5.54486,68.75
-4.86249,8.87293,5.67682 -18.4032,2.91456,68.75
-3.43483,2.63869,5.80165 -17.9017,0.926368,68.75
-17.7149,11.6415,8.65058 -22.038,4.78848,68.75
7.64676,5.85677,0.011282 7.64676,5.85677,68.75
18.5311,1.62008,0.011282 18.5311,1.62008,68.75
-3.36906,10.5795,4.69991 -18.5866,3.07487,68.75
-0.42608,-0.196923,4.45181 -17.9008,-0.120766,68.75
18.6683,-9.93921,0.011282 18.6683,-9.93921,68.75
20.8608,0.785428,0.011282 20.8608,0.785428,68.75
1.93715,-4.55881,0.011282 1.93715,-4.55881,68.75
-2.76736,0.299627,5.57405 -17.9651,0.100617,68.75
14.4423,-6.89638,0.011282 14.4423,-6.89638,68.75
-0.537114,8.69149,0.011282 -0.537114,8.69149,68.75
-13.9584,1.12058,9.29862 -20.322,0.479459,68.75
18.8128,-8.03855,0.011282 18.8128,-8.03855,68.75
-5.60403,2.09164,6.72832 -18.1691,0.715473,68.75
3.76987,9.91132,0.011282 3.76987,9.91132,68.75
-2.53415,-1.8987,5.432 -17.8212,-0.628437,68.75
0.828394,5.15333,0.011282 0.828394,5.15333,68.75
-7.4994,-15.6154,5.00456 -19.7119,-4.71527,68.75
10.8125,-0.530614,0.011282 10.8125,-0.530614,68.75
-5.07654,-2.29808,6.50948 -18.1621,-0.749356,68.75
-48.7417,-0.15975,4.86526 -142.978,-0.252382,68.75
19.3084,-8.40337,0.011282 19.3084,-8.40337,68.75
-16.4342,-2.29289,9.73789 -21.3332,-1.00308,68.75
-43.4938,14.8744,4.86958 -117.047,73.9053,68.75
-10.8751,11.9691,7.10908 -19.7929,4.41946,68.75
1.92576,0.273422,0.011282 1.92576,0.273422,68.75
0.574833,-3.56872,0.011282 0.574833,-3.56872,68.75
-1.15156,0.018324,4.81382 -17.8055,-0.0542422,68.75
6.12786,2.36132,0.011282 6.12786,2.36132,68.75
9.3572,14.0747,0.011282 9.3572,14.0747,68.75
-48.8639,0.165135,4.80595 -148.514,0.28693,68.75
-10.2457,2.78181,8.28408 -19.1009,1.1004,68.75
-0.964854,19.1792,0.011282 -0.964854,19.1792,68.75
-9.91687,0.213952,8.26313 -18.9327,0.0958981,68.75
1.92452,-20.8385,0.011282 1.92452,-20.8385,68.75
0.599762,18.1,0.011282 0.599762,18.1,68.75
19.4156,-2.41163,0.011282 19.4156,-2.41163,68.75
-0.30322,1.77058,4.35817 -17.9565,0.458706,68.75
-48.6244,-3.62577,4.78806 -146.36,-18.9807,68.75
-0.66251,5.85028,0.011282 -0.66251,5.85028,68.75
-6.89704,0.937557,7.25179 -18.2146,0.393893,68.75
3.01905,9.64365,0.011282 3.01905,9.64365,68.75
-5.57108,-17.2609,0.011282 -5.57108,-17.2609,68.75
2.91789,-4.52372,0.011282 2.91789,-4.52372,68.75
-37.2434,6.04687,8.6716 -131.236,52.4019,68.75
-6.64025,18.2735,0.011282 -6.64025,18.2735,68.75
17.4538,4.69035,0.011282 17.4538,4.69035,68.75
0.790412,-13.0627,0.011282 0.790412,-13.0627,68.75
-8.25695,2.22694,7.68638 -18.6048,0.81863,68.75
-0.661378,0.25066,4.57022 -18.1026,0.0222927,68.75
3.85914,-10.3778,0.011282 3.85914,-10.3778,68.75
12.193,-6.0721,0.011282 12.193,-6.0721,68.75
-12.6517,-15.5827,6.57935 -20.5829,-5.52177,68.75
-16.7102,-1.98474,9.79669 -21.3916,-0.882703,68.75
-0.0959983,-4.21805,0.011282 -0.0959983,-4.21805,68.75
-3.20281,-15.8395,0.011282 -3.20281,-15.8395,68.75
11.054,-3.30253,0.011282 11.054,-3.30253,68.75
-2.68208,-3.13934,5.4359 -17.7568,-0.95361,68.75
5.40368,9.13236,0.011282 5.40368,9.13236,68.75
11.9506,-16.0821,0.011282 11.9506,-16.0821,68.75
2.05374,0.871552,0.011282 2.05374,0.871552,68.75
3.60563,10.9079,0.011282 3.60563,10.9079,68.75
7.30812,12.3338,0.011282 7.30812,12.3338,68.75
12.0878,15.7774,0.011282 12.0878,15.7774,68.75
5.1942,9.5321,0.011282 5.1942,9.5321,68.75
-0.00784499,0.813462,0.011282 -0.00784499,0.813462,68.75
-3.81598,-15.2498,0.011282 -3.81598,-15.2498,68.75
12.9696,1.34635,0.011282 12.9696,1.34635,68.75
-1.23576,-2.4086,4.79545 -17.8108,-0.739691,68.75
-15.999,13.9502,7.78283 -21.5675,5.29365,68.75
1.3848,-9.97509,0.011282 1.3848,-9.97509,68.75
-4.2245,0.470907,6.20971 -17.815,0.1744,68.75
4.00708,-14.8766,0.011282 4.00708,-14.8766,68.75
-3.08255,-0.790275,5.70989 -17.857,-0.209683,68.75
-1.17832,0.682717,4.82204 -17.8226,0.174077,68.75
-1.26381,13.6561,0.011282 -1.26381,13.6561,68.75
-3.39116,-6.72498,5.39268 -18.3245,-2.08811,68.75
-8.24655,-3.74394,7.59185 -18.6204,-1.39659,68.75
8.49472,8.47744,0.011282 8.49472,8.47744,68.75
-7.35914,-6.16444,7.04471 -18.7207,-2.19661,68.75
-2.51882,3.198,5.3571 -18.0024,0.952983,68.75
-48.8871,0.15984,4.79468 -148.555,0.281625,68.75
-11.6301,-16.6961,5.94891 -20.6243,-5.48982,68.75
-0.686513,0.233983,4.58301 -18.1243,0.00566156,68.75
7.08358,11.3605,0.011282 7.08358,11.3605,68.75
6.01543,-3.59486,0.011282 6.01543,-3.59486,68.75
20.9681,-2.47942,0.011282 20.9681,-2.47942,68.75
-18.7704,-2.84919,10.0497 -22.223,-1.25753,68.75
10.9712,-16.0662,0.011282 10.9712,-16.0662,68.75
-10.5629,-6.65744,8.01154 -19.3225,-2.61923,68.75
-11.656,-8.60586,8.01778 -19.7672,-3.38794,68.75
2.46334,-1.29612,0.011282 2.46334,-1.29612,68.75
-2.55987,-1.48113,5.45802 -17.7543,-0.485215,68.75
12.9056,-7.5693,0.011282 12.9056,-7.5693,68.75
1.04716,5.02321,0.011282 1.04716,5.02321,68.75
13.5061,-8.53248,0.011282 13.5061,-8.53248,68.75
3.24991,13.4785,0.011282 3.24991,13.4785,68.75
10.9287,6.97237,0.011282 10.9287,6.97237,68.75
-4.18002,3.13241,6.09342 -17.9956,1.00588,68.75
6.28645,-3.41285,0.011282 6.28645,-3.41285,68.75
-3.53864,4.53675,5.70813 -18.0151,1.52576,68.75
3.48328,2.5216,0.011282 3.48328,2.5216,68.75
8.6382,-14.0387,0.011282 8.6382,-14.0387,68.75
0.69194,5.14055,0.011282 0.69194,5.14055,68.75
-12.4328,-3.75643,8.81478 -19.9037,-1.50822,68.75
0.030424,8.62085,0.011282 0.030424,8.62085,68.75
5.12938,9.52532,0.011282 5.12938,9.52532,68.75
-1.67246,-10.7711,0.011282 -1.67246,-10.7711,68.75
2.33988,-11.9136,0.011282 2.33988,-11.9136,68.75
7.54844,7.98213,0.011282 7.54844,7.98213,68.75
17.6118,-9.48994,0.011282 17.6118,-9.48994,68.75
0.0925375,-8.34491,0.011282 0.0925375,-8.34491,68.75
0.690228,-1.93104,0.011282 0.690228,-1.93104,68.75
5.46476,1.43552,0.011282 5.46476,1.43552,68.75
9.38137,2.04217,0.011282 9.38137,2.04217,68.75
1.76005,0.76137,0.011282 1.76005,0.76137,68.75
-6.48258,18.4273,0.011282 -6.48258,18.4273,68.75
-20.1389,-1.14706,10.2653 -22.8866,-0.49982,68.75
-9.64868,-8.96629,7.3779 -19.2243,-3.38211,68.75
0.78084,-1.5892,0.011282 0.78084,-1.5892,68.75
-1.85709,3.89625,4.99779 -18.0926,1.10645,68.75
-7.20409,1.04508,7.3604 -18.4965,0.403898,68.75
-0.0105728,3.50423,0.011282 -0.0105728,3.50423,68.75
12.9538,-16.7059,0.011282 12.9538,-16.7059,68.75
19.049,-3.08186,0.011282 19.049,-3.08186,68.75
17.6731,-6.58279,0.011282 17.6731,-6.58279,68.75
5.34589,-5.62636,0.011282 5.34589,-5.62636,68.75
-7.13408,-8.19411,6.66989 -18.7518,-2.83861,68.75
9.11551,12.0126,0.011282 9.11551,12.0126,68.75
6.81429,-2.12506,0.011282 6.81429,-2.12506,68.75
8.09514,-6.9599,0.011282 8.09514,-6.9599,68.75
10.8469,-7.14406,0.011282 10.8469,-7.14406,68.75
-13.2199,-7.02421,8.65535 -20.1828,-2.882,68.75
-3.19116,6.6309,5.3165 -18.1826,2.11898,68.75
-8.95997,13.2004,6.2129 -19.4861,4.59988,68.75
1.83997,-1.03331,0.011282 1.83997,-1.03331,68.75
7.89845,-2.73322,0.011282 7.89845,-2.73322,68.75
8.48744,-18.0828,0.011282 8.48744,-18.0828,68.75
16.6295,8.47913,0.011282 16.6295,8.47913,68.75
-0.0668034,-3.06295,0.011282 -0.0668034,-3.06295,68.75
-6.35308,1.09554,7.04769 -18.2829,0.418014,68.75
-20.0073,-1.56634,10.2416 -22.7044,-0.728902,68.75
-6.71879,-6.54712,6.76352 -18.4185,-2.34636,68.75
-0.581692,10.6731,0.011282 -0.581692,10.6731,68.75
14.0439,7.07596,0.011282 14.0439,7.07596,68.75
-7.52765,4.38841,7.29231 -18.5024,1.60105,68.75
-11.5496,12.6484,7.12789 -20.0575,4.64499,68.75
13.5192,9.29303,0.011282 13.5192,9.29303,68.75
8.37298,-0.997239,0.011282 8.37298,-0.997239,68.75
-15.3981,-1.78313,9.57293 -20.8891,-0.740349,68.75
11.2922,-2.0874,0.011282 11.2922,-2.0874,68.75
-5.91344,4.97666,6.64223 -18.29,1.71814,68.75
4.90441,3.21793,0.011282 4.90441,3.21793,68.75
2.82457,-2.76294,0.011282 2.82457,-2.76294,68.75
-3.17717,-13.7682,0.011282 -3.17717,-13.7682,68.75
0.292593,1.12024,0.011282 0.292593,1.12024,68.75
-11.006,-5.79074,8.24512 -19.5305,-2.30335,68.75
10.7392,-11.5779,0.011282 10.7392,-11.5779,68.75
15.4679,-9.31021,0.011282 15.4679,-9.31021,68.75
0.0981717,0.152767,0.011282 0.0981717,0.152767,68.75
-9.96962,-16.1255,5.65971 -20.0144,-5.25928,68.75
-1.08226,2.80015,4.69909 -17.9321,0.805914,68.75
7.04601,17.5741,0.011282 7.04601,17.5741,68.75
-8.52189,3.71159,7.68621 -18.7075,1.40694,68.75
-0.903218,19.9716,0.011282 -0.903218,19.9716,68.75
-48.4764,3.40456,4.87505 -141.723,16.8862,68.75
1.29386,3.85569,0.011282 1.29386,3.85569,68.75
-4.0477,-1.24778,6.12117 -17.9973,-0.455505,68.75
-3.35799,5.30722,5.55188 -18.1266,1.69344,68.75
-12.9883,-10.5248,7.98876 -20.2432,-4.1626,68.75
-1.5737,-16.4703,0.011282 -1.5737,-16.4703,68.75
-3.06095,-19.9199,0.011282 -3.06095,-19.9199,68.75
10.9655,-6.44576,0.011282 10.9655,-6.44576,68.75
-10.7489,2.65671,8.43612 -19.2984,1.03359,68.75
9.76945,11.9928,0.011282 9.76945,11.9928,68.75
-4.08014,0.268416,6.15016 -18.0447,0.085522,68.75
-10.4696,3.68541,8.29112 -19.2046,1.46739,68.75
3.87776,-1.24178,0.011282 3.87776,-1.24178,68.75
1.32757,-6.72476,0.011282 1.32757,-6.72476,68.75
20.7013,4.57841,0.011282 20.7013,4.57841,68.75
18.9197,6.94065,0.011282 18.9197,6.94065,68.75
-7.29584,-7.53054,6.83336 -18.7044,-2.62886,68.75
0.55758,9.20616,0.011282 0.55758,9.20616,68.75
20.2515,-5.36862,0.011282 20.2515,-5.36862,68.75
2.6998,8.98849,0.011282 2.6998,8.98849,68.75
-12.6191,-6.56814,8.57267 -20.0496,-2.65822,68.75
4.64854,-12.5472,0.011282 4.64854,-12.5472,68.75
0.973072,-0.717668,0.011282 0.973072,-0.717668,68.75
2.03556,-4.12275,0.011282 2.03556,-4.12275,68.75
-0.259053,10.6959,0.011282 -0.259053,10.6959,68.75
5.46531,4.3193,0.011282 5.46531,4.3193,68.75
6.99075,14.065,0.011282 6.99075,14.065,68.75
-9.69088,-8.05549,7.54641 -19.1106,-3.09931,68.75
-5.29731,-20.0723,0.011282 -5.29731,-20.0723,68.75
-11.1659,-6.91404,8.14695 -19.4946,-2.7164,68.75
0.71732,-7.07562,0.011282 0.71732,-7.07562,68.75
-7.57074,-2.64424,7.43063 -18.422,-0.974131,68.75
-8.13264,-6.85801,7.2223 -18.7844,-2.50018,68.75
6.3794,11.6801,0.011282 6.3794,11.6801,68.75
-1.03333,10.367,0.011282 -1.03333,10.367,68.75
3.22036,20.5013,0.011282 3.22036,20.5013,68.75
-13.8942,12.3679,7.77606 -20.749,4.68792,68.75
0.0692284,14.7588,0.011282 0.0692284,14.7588,68.75
-3.60907,-17.4928,0.011282 -3.60907,-17.4928,68.75
-10.5366,-12.9573,6.76339 -19.8111,-4.67987,68.75
0.00861674,-20.079,0.011282 0.00861674,-20.079,68.75
3.10339,-17.695,0.011282 3.10339,-17.695,68.75
17.1504,2.36207,0.011282 17.1504,2.36207,68.75
-6.58833,19.4927,0.011282 -6.58833,19.4927,68.75
-3.04646,1.30801,5.68274 -17.8149,0.469538,68.75
-17.6035,-10.2971,8.92691 -21.9932,-4.2002,68.75
9.86681,-14.6553,0.011282 9.86681,-14.6553,68.75
-1.6772,-1.03918,5.05638 -17.7567,-0.266763,68.75
15.895,3.50958,0.011282 15.895,3.50958,68.75
-2.70914,13.8422,0.011282 -2.70914,13.8422,68.75
-8.88724,16.0106,5.3537 -19.9988,4.99469,68.75
-11.69,-6.86336,8.29564 -19.7018,-2.73748,68.75
4.15943,-2.65142,0.011282 4.15943,-2.65142,68.75
3.07238,-4.91489,0.011282 3.07238,-4.91489,68.75
9.81577,-5.17071,0.011282 9.81577,-5.17071,68.75
-3.00729,-5.16741,5.41103 -17.9439,-1.65036,68.75
2.53736,6.47258,0.011282 2.53736,6.47258,68.75
0.891403,-0.289247,0.011282 0.891403,-0.289247,68.75
-12.2024,-13.0723,7.19077 -20.3453,-4.7142,68.75
-0.797773,17.1859,0.011282 -0.797773,17.1859,68.75
-13.3147,-8.00532,8.53095 -20.2599,-3.27659,68.75
0.468494,-13.7823,0.011282 0.468494,-13.7823,68.75
3.45457,3.0197,0.011282 3.45457,3.0197,68.75
4.68789,20.1527,0.011282 4.68789,20.1527,68.75
-3.09877,-10.2869,4.64193 -18.4588,-3.04279,68.75
-6.75701,-2.55689,7.14354 -18.3282,-0.982276,68.75
2.45678,0.871984,0.011282 2.45678,0.871984,68.75
1.36094,-3.7493,0.011282 1.36094,-3.7493,68.75
11.4842,-5.51216,0.011282 11.4842,-5.51216,68.75
-1.20395,-16.2349,0.011282 -1.20395,-16.2349,68.75
9.17344,9.0442,0.011282 9.17344,9.0442,68.75
0.0842941,0.308136,0.011282 0.0842941,0.308136,68.75
-2.57151,-3.91181,5.32933 -17.9979,-1.26114,68.75
-14.6617,-12.1992,7.98229 -21.0036,-4.70777,68.75
-1.71214,-0.31989,5.08289 -17.8021,-0.109128,68.75
-1.69282,-0.296086,5.07385 -17.785,-0.0852942,68.75
6.88176,5.73359,0.011282 6.88176,5.73359,68.75
-0.899042,4.96996,4.43492 -18.0123,1.41049,68.75
2.62584,4.41325,0.011282 2.62584,4.41325,68.75
10.8724,12.5471,0.011282 10.8724,12.5471,68.75
-1.4578,0.0586788,4.96208 -17.9404,-0.0132018,68.75
-0.0287217,9.32924,0.011282 -0.0287217,9.32924,68.75
-17.7823,10.3905,8.93371 -22.064,4.21835,68.75
-1.91728,-0.356949,5.18018 -17.9827,-0.146659,68.75
-7.31601,-18.6434,0.011282 -7.31601,-18.6434,68.75
6.71351,17.7874,0.011282 6.71351,17.7874,68.75
-11.8146,12.7278,7.17877 -20.2454,4.65694,68.75
10.1804,11.6414,0.011282 10.1804,11.6414,68.75
-12.6058,-1.44894,8.97686 -19.7902,-0.598823,68.75
4.06379,-4.68324,0.011282 4.06379,-4.68324,68.75
-15.623,0.422902,9.64461 -20.9442,0.167468,68.75
-0.398333,-2.93957,4.34974 -17.9796,-0.858741,68.75
6.15219,-2.46538,0.011282 6.15219,-2.46538,68.75
6.33423,0.837686,0.011282 6.33423,0.837686,68.75
-1.61988,-1.86859,5.00452 -17.9333,-0.513117,68.75
8.1131,12.8,0.011282 8.1131,12.8,68.75
-17.0792,-4.26739,9.71515 -21.5433,-1.86853,68.75
-4.50668,-10.0012,5.31241 -18.5486,-3.07632,68.75
6.61252,2.73003,0.011282 6.61252,2.73003,68.75
-6.50261,-5.22046,6.84081 -18.4521,-1.85057,68.75
6.93873,5.3984,0.011282 6.93873,5.3984,68.75
4.42738,-1.13371,0.011282 4.42738,-1.13371,68.75
-0.663287,0.472423,4.56951 -18.1021,0.0918713,68.75
2.58403,-10.1477,0.011282 2.58403,-10.1477,68.75
-0.58069,0.300367,4.5292 -18.0331,0.0718542,68.75
1.64963,13.411,0.011282 1.64963,13.411,68.75
10.0106,10.3844,0.011282 10.0106,10.3844,68.75
-3.48084,-10.9279,4.67253 -18.6387,-3.2878,68.75
3.08656,1.57302,0.011282 3.08656,1.57302,68.75
14.8721,-13.9515,0.011282 14.8721,-13.9515,68.75
-2.28754,-1.42027,5.33412 -17.9053,-0.396725,68.75
-10.8654,-9.40815,7.65605 -19.6994,-3.50506,68.75
0.703474,-3.36249,0.011282 0.703474,-3.36249,68.75
-18.0832,0.62845,10.037 -22.0269,0.266162,68.75
13.3734,-9.29341,0.011282 13.3734,-9.29341,68.75
0.12265,-0.358082,0.011282 0.12265,-0.358082,68.75
-1.33243,8.29093,0.011282 -1.33243,8.29093,68.75
-14.3954,-5.91085,9.05931 -20.5984,-2.43762,68.75
13.8934,-11.038,0.011282 13.8934,-11.038,68.75
-16.3607,10.3218,8.7244 -21.5357,4.10016,68.75
-1.52921,10.3054,0.011282 -1.52921,10.3054,68.75
-4.28511,4.26001,6.05313 -17.9794,1.41162,68.75
4.6934,4.29727,0.011282 4.6934,4.29727,68.75
-7.7883,-1.68051,7.54836 -18.3785,-0.614167,68.75
-0.854764,2.59616,4.5982 -18.1863,0.698044,68.75
13.2413,14.7356,0.011282 13.2413,14.7356,68.75
-15.1186,-12.721,7.94454 -21.2156,-4.84627,68.75
-13.7549,12.1641,7.795 -20.7401,4.60692,68.75
0.544689,-0.477147,0.011282 0.544689,-0.477147,68.75
-0.437085,2.76969,4.37922 -17.8278,0.865092,68.75
-1.92379,16.4942,0.011282 -1.92379,16.4942,68.75
-3.58611,6.81523,5.46566 -18.0864,2.17348,68.75
12.7297,-2.49256,0.011282 12.7297,-2.49256,68.75
-4.05351,2.22453,6.08915 -17.9497,0.702616,68.75
1.03482,-0.542907,0.011282 1.03482,-0.542907,68.75
8.89789,16.9581,0.011282 8.89789,16.9581,68.75
18.6124,-6.35454,0.011282 18.6124,-6.35454,68.75
-0.72992,-0.615166,4.60155 -18.1599,-0.234806,68.75
4.35176,-16.883,0.011282 4.35176,-16.883,68.75
-0.755418,-2.58721,4.54887 -18.1003,-0.687634,68.75
0.211725,0.293913,0.011282 0.211725,0.293913,68.75
-3.22523,-19.0664,0.011282 -3.22523,-19.0664,68.75
8.63998,9.31532,0.011282 8.63998,9.31532,68.75
0.972079,4.99363,0.011282 0.972079,4.99363,68.75
-2.74191,3.04929,5.4685 -17.8274,0.99621,68.75
2.28076,-0.786549,0.011282 2.28076,-0.786549,68.75
-2.95349,-7.18972,5.13088 -18.2239,-2.1542,68.75
-0.818398,-8.29038,0.011282 -0.818398,-8.29038,68.75
5.61186,3.1988,0.011282 5.61186,3.1988,68.75
11.1274,17.0525,0.011282 11.1274,17.0525,68.75
10.3429,-2.78339,0.011282 10.3429,-2.78339,68.75
13.2616,13.0361,0.011282 13.2616,13.0361,68.75
9.49726,16.3094,0.011282 9.49726,16.3094,68.75
15.7677,6.88486,0.011282 15.7677,6.88486,68.75
-1.62841,-7.09925,4.52678 -18.3424,-2.0689,68.75
0.121473,0.480982,0.011282 0.121473,0.480982,68.75
-1.59552,-1.4355,5.00755 -17.9292,-0.36494,68.75
-2.00667,14.0946,0.011282 -2.00667,14.0946,68.75
-20.2538,1.44823,10.2685 -22.9569,0.634562,68.75
-0.0719296,7.41157,0.011282 -0.0719296,7.41157,68.75
-1.26739,-0.873202,4.86216 -17.7632,-0.225052,68.75
-8.56938,-5.09144,7.57993 -18.7292,-1.9369,68.75
-7.05025,-1.54966,7.29178 -18.3346,-0.611924,68.75
2.40559,-1.63882,0.011282 2.40559,-1.63882,68.75
2.40426,19.0268,0.011282 2.40426,19.0268,68.75
2.94535,10.8066,0.011282 2.94535,10.8066,68.75
12.2067,9.76786,0.011282 12.2067,9.76786,68.75
0.140754,-1.35794,0.011282 0.140754,-1.35794,68.75
-0.785581,0.793635,4.62678 -18.0469,0.266332,68.75
0.0271897,-0.00598684,0.011282 0.0271897,-0.00598684,68.75
-10.2562,-5.59875,8.05163 -19.2704,-2.18394,68.75
4.14586,19.5536,0.011282 4.14586,19.5536,68.75
-47.6661,-7.22357,4.84244 -137.409,-36.0604,68.75
-48.8949,0.533123,4.78812 -147.878,2.37886,68.75
-7.8353,5.44126,7.29539 -18.6189,1.98957,68.75
-0.785065,-1.20261,4.61808 -18.0368,-0.373822,68.75
2.07709,7.72361,0.011282 2.07709,7.72361,68.75
13.631,-12.1506,0.011282 13.631,-12.1506,68.75
-8.13763,-16.9743,4.77559 -20.0688,-4.93857,68.75
-1.5123,12.1958,0.011282 -1.5123,12.1958,68.75
-16.7297,-4.70822,9.62065 -21.5012,-1.98086,68.75
-18.2889,0.806132,10.0617 -22.0636,0.359434,68.75
-0.841657,-2.9414,4.57184 -18.163,-0.891243,68.75
-5.15109,1.28243,6.57609 -17.9356,0.444549,68.75
-2.11854,-13.0329,0.011282 -2.11854,-13.0329,68.75
0.197648,-9.87892,0.011282 0.197648,-9.87892,68.75
-0.272316,0.0848752,4.37449 -17.7681,0.00855851,68.75
-5.82148,6.52407,6.42675 -18.3156,2.28294,68.75
-3.39238,0.386836,5.85212 -17.7803,0.0729335,68.75
0.0326393,0.00700251,0.011282 0.0326393,0.00700251,68.75
2.7434,-10.9649,0.011282 2.7434,-10.9649,68.75
4.12223,10.6104,0.011282 4.12223,10.6104,68.75
4.42661,1.17712,0.011282 4.42661,1.17712,68.75
-4.985,7.52665,5.95162 -18.4215,2.43613,68.75
2.57391,6.65888,0.011282 2.57391,6.65888,68.75
-48.8144,1.15113,4.8168 -146.58,5.84924,68.75
-13.6663,10.8252,8.08261 -20.6257,4.16271,68.75
3.56607,7.4321,0.011282 3.56607,7.4321,68.75
-2.40501,-14.7946,0.011282 -2.40501,-14.7946,68.75
-7.73952,11.6446,6.19292 -18.9791,3.9922,68.75
7.95864,13.6869,0.011282 7.95864,13.6869,68.75
-0.741709,-14.4707,0.011282 -0.741709,-14.4707,68.75
-17.1294,4.29018,9.72098 -21.5723,1.85328,68.75
-10.7079,15.2147,6.17017 -20.1827,5.1428,68.75
-6.52169,-11.4356,5.79954 -18.91,-3.76951,68.75
7.59341,9.93688,0.011282 7.59341,9.93688,68.75
-16.7185,7.7324,9.24739 -21.5734,3.16539,68.75
5.55271,5.06223,0.011282 5.55271,5.06223,68.75
-18.0949,1.24504,10.0272 -21.9927,0.540198,68.75
-0.645394,2.2386,4.51097 -18.031,0.641045,68.75
8.22459,3.52742,0.011282 8.22459,3.52742,68.75
0.403382,-2.27159,0.011282 0.403382,-2.27159,68.75
15.9922,12.7938,0.011282 15.9922,12.7938,68.75
8.07193,-3.84956,0.011282 8.07193,-3.84956,68.75
-6.60124,-4.26823,6.96852 -18.3298,-1.50648,68.75
-9.89362,13.9929,6.28899 -19.8631,4.77712,68.75
-4.83956,-0.895821,6.45848 -18.0121,-0.263176,68.75
-9.98079,-7.24478,7.75838 -19.2555,-2.77127,68.75
5.76263,-1.54252,0.011282 5.76263,-1.54252,68.75
-3.44962,-3.79581,5.73207 -18.0168,-1.29263,68.75
-9.82849,-4.63133,8.02277 -19.0633,-1.85216,68.75
-5.12373,-7.27605,6.04553 -18.248,-2.43406,68.75
-3.6052,-4.7545,5.7166 -18.0249,-1.49163,68.75
9.75234,3.69876,0.011282 9.75234,3.69876,68.75
3.57956,-0.364317,0.011282 3.57956,-0.364317,68.75
1.79515,-9.2822,0.011282 1.79515,-9.2822,68.75
-20.327,-1.84915,10.2622 -22.9494,-0.803404,68.75
0.0283386,4.81956,0.011282 0.0283386,4.81956,68.75
9.23057,8.66367,0.011282 9.23057,8.66367,68.75
8.814,3.11252,0.011282 8.814,3.11252,68.75
0.849024,4.11313,0.011282 0.849024,4.11313,68.75
3.4951,-2.22759,0.011282 3.4951,-2.22759,68.75
6.42458,9.41286,0.011282 6.42458,9.41286,68.75
-1.57656,-3.4101,4.90003 -17.9045,-1.04261,68.75
15.6175,-8.20697,0.011282 15.6175,-8.20697,68.75
-17.3491,-6.1681,9.5611 -21.7093,-2.66936,68.75
15.5379,-8.69486,0.011282 15.5379,-8.69486,68.75
20.0114,-6.51473,0.011282 20.0114,-6.51473,68.75
-3.16755,-7.93871,5.11106 -18.3057,-2.50352,68.75
0.771939,11.3993,0.011282 0.771939,11.3993,68.75
3.19448,-3.49844,0.011282 3.19448,-3.49844,68.75
-0.669929,7.41782,0.011282 -0.669929,7.41782,68.75
-2.42231,-15.2854,0.011282 -2.42231,-15.2854,68.75
0.736603,2.69036,0.011282 0.736603,2.69036,68.75
16.6606,11.738,0.011282 16.6606,11.738,68.75
5.93697,-12.9609,0.011282 5.93697,-12.9609,68.75
1.41715,9.91242,0.011282 1.41715,9.91242,68.75
-5.23453,-13.2067,4.851 -18.9635,-4.03365,68.75
-0.659051,-0.49084,4.56717 -18.0984,-0.110276,68.75
4.08456,15.98,0.011282 4.08456,15.98,68.75
-3.70984,10.0792,4.95567 -18.619,3.04751,68.75
1.19395,-12.1721,0.011282 1.19395,-12.1721,68.75
2.0804,4.01933,0.011282 2.0804,4.01933,68.75
-1.56541,-4.37767,4.81793 -17.9262,-1.27149,68.75
-15.0311,11.3673,8.2528 -21.1032,4.44374,68.75
0.167841,1.3736,0.011282 0.167841,1.3736,68.75
0.349267,-1.50899,0.011282 0.349267,-1.50899,68.75
20.1866,-2.61018,0.011282 20.1866,-2.61018,68.75
6.04464,-4.1637,0.011282 6.04464,-4.1637,68.75
19.8249,-4.14996,0.011282 19.8249,-4.14996,68.75
18.0454,-1.09128,0.011282 18.0454,-1.09128,68.75
4.30832,7.55184,0.011282 4.30832,7.55184,68.75
2.25316,8.15079,0.011282 2.25316,8.15079,68.75
-15.7808,-8.37053,8.98328 -21.1354,-3.50701,68.75
4.58554,-2.62876,0.011282 4.58554,-2.62876,68.75
-1.69703,2.49797,5.01326 -17.9671,0.716122,68.75
-7.17938,-0.972056,7.35298 -18.4731,-0.330794,68.75
9.08323,5.98569,0.011282 9.08323,5.98569,68.75
21.0594,1.49719,0.011282 21.0594,1.49719,68.75
-0.388268,0.140396,4.43286 -17.8682,0.0641487,68.75
-12.6886,-0.662541,9.01335 -19.9071,-0.252966,68.75
-2.3014,-11.8229,0.011282 -2.3014,-11.8229,68.75
7.76544,-8.79106,0.011282 7.76544,-8.79106,68.75
14.4079,-3.04784,0.011282 14.4079,-3.04784,68.75
-10.0829,7.2086,7.79432 -19.3521,2.73776,68.75
-11.9869,-8.25806,8.16331 -19.8727,-3.28241,68.75
-1.00447,0.521358,4.73856 -17.9574,0.151562,68.75
3.17185,-4.73207,0.011282 3.17185,-4.73207,68.75
16.8769,2.66224,0.011282 16.8769,2.66224,68.75
0.186598,0.0204613,0.011282 0.186598,0.0204613,68.75
0.88262,-2.28204,0.011282 0.88262,-2.28204,68.75
-11.3446,1.24633,8.65621 -19.4125,0.50435,68.75
-7.186,0.631065,7.36094 -18.4877,0.186976,68.75
-45.7205,11.6347,4.85491 -128.014,57.5695,68.75
-0.26635,-1.11236,4.35896 -17.9476,-0.263015,68.75
-48.4382,3.59389,4.87982 -141.643,17.3693,68.75
-2.21658,4.40865,5.1229 -18.0156,1.40922,68.75
4.67418,-1.25412,0.011282 4.67418,-1.25412,68.75
0.0722516,0.644371,0.011282 0.0722516,0.644371,68.75
-9.54049,11.5541,6.80956 -19.4937,4.12211,68.75
-14.5533,0.73214,9.43212 -20.6567,0.279257,68.75
-9.41143,1.25561,8.09327 -19.0111,0.457962,68.75
4.23577,3.23067,0.011282 4.23577,3.23067,68.75
13.1318,-9.04884,0.011282 13.1318,-9.04884,68.75
-16.3167,0.660812,9.76566 -21.281,0.291831,68.75
0.617619,-3.67002,0.011282 0.617619,-3.67002,68.75
-0.53606,7.56906,0.011282 -0.53606,7.56906,68.75
-2.59792,0.89465,5.48951 -17.8056,0.29714,68.75
16.0637,-13.63,0.011282 16.0637,-13.63,68.75
10.8822,4.99923,0.011282 10.8822,4.99923,68.75
-3.94246,-10.8441,4.89259 -18.6118,-3.2889,68.75
-4.92321,-2.08572,6.45663 -18.0449,-0.764472,68.75
-1.48344,1.85973,4.93905 -17.9155,0.494233,68.75
-1.61067,-0.00562954,5.03578 -17.7138,0.0645962,68.75
14.8242,6.54215,0.011282 14.8242,6.54215,68.75
-2.16035,2.3626,5.23869 -17.7564,0.791997,68.75
2.93695,1.48714,0.011282 2.93695,1.48714,68.75
-3.53501,-6.07256,5.54085 -18.1713,-1.94496,68.75
5.432,7.97744,0.011282 5.432,7.97744,68.75
13.2942,15.3376,0.011282 13.2942,15.3376,68.75
0.383101,3.39262,0.011282 0.383101,3.39262,68.75
5.45705,-2.25745,0.011282 5.45705,-2.25745,68.75
5.28177,-0.997652,0.011282 5.28177,-0.997652,68.75
3.14173,-5.0885,0.011282 3.14173,-5.0885,68.75
-9.85691,-7.99473,7.6065 -19.2674,-3.04346,68.75
-1.29766,0.017844,4.88462 -17.8002,-0.0541239,68.75
10.8132,8.39067,0.011282 10.8132,8.39067,68.75
3.87146,-2.88801,0.011282 3.87146,-2.88801,68.75
0.0157674,-0.0763834,0.011282 0.0157674,-0.0763834,68.75
-5.98704,-2.23043,6.87068 -18.3106,-0.771849,68.75
-10.5284,-3.91836,8.29049 -19.2235,-1.54815,68.75
4.53641,-19.0411,0.011282 4.53641,-19.0411,68.75
-1.65385,-1.95601,5.01732 -17.7064,-0.622046,68.75
-17.1866,5.41096,9.62302 -21.5655,2.37342,68.75
-15.717,9.62562,8.74782 -21.118,3.98364,68.75
-2.93654,4.10939,5.4791 -17.8913,1.27026,68.75
14.3545,-8.25889,0.011282 14.3545,-8.25889,68.75
-15.267,6.08758,9.21343 -20.9072,2.52831,68.75
1.59533,1.74159,0.011282 1.59533,1.74159,68.75
1.49195,-6.12628,0.011282 1.49195,-6.12628,68.75
-11.4318,2.74144,8.62078 -19.5094,1.13457,68.75
1.67865,-17.4944,0.011282 1.67865,-17.4944,68.75
-7.83912,10.0107,6.58527 -18.9049,3.55713,68.75
1.28534,-4.51381,0.011282 1.28534,-4.51381,68.75
-1.84252,1.73039,5.11522 -17.8815,0.538514,68.75
-1.57443,5.00253,4.76207 -18.1394,1.40581,68.75
1.3811,7.79148,0.011282 1.3811,7.79148,68.75
-1.83482,-0.51872,5.1395 -17.9081,-0.168093,68.75
-12.7683,-13.1999,7.29921 -20.4533,-4.88575,68.75
-0.233544,0.16552,4.35468 -17.936,0.0882568,68.75
4.58252,19.4292,0.011282 4.58252,19.4292,68.75
-6.49818,-9.58567,6.18594 -18.7887,-3.25577,68.75
-2.1816,-12.8507,0.011282 -2.1816,-12.8507,68.75
-12.8251,11.159,7.81184 -20.3801,4.17572,68.75
-1.72974,-1.21114,5.07741 -17.804,-0.439082,68.75
4.55646,-0.90818,0.011282 4.55646,-0.90818,68.75
1.25206,13.523,0.011282 1.25206,13.523,68.75
-2.69258,-19.7316,0.011282 -2.69258,-19.7316,68.75
-2.75078,11.5493,0.011282 -2.75078,11.5493,68.75
18.772,-9.48698,0.011282 18.772,-9.48698,68.75
3.14614,4.06184,0.011282 3.14614,4.06184,68.75
8.27471,-4.88945,0.011282 8.27471,-4.88945,68.75
4.09996,7.24551,0.011282 4.09996,7.24551,68.75
15.6754,6.95264,0.011282 15.6754,6.95264,68.75
0.527357,10.3188,0.011282 0.527357,10.3188,68.75
-16.586,7.41646,9.27297 -21.5181,3.09093,68.75
-4.91727,3.34372,6.38535 -17.9488,1.22153,68.75
1.34068,-12.0537,0.011282 1.34068,-12.0537,68.75
-1.08494,0.274053,4.78036 -18.0294,0.0522216,68.75
-3.75459,-7.92571,5.37199 -18.4298,-2.5117,68.75
-8.40086,0.0106701,7.78381 -18.6937,-0.034131,68.75
-9.03666,-12.9837,6.29508 -19.5489,-4.39457,68.75
-8.92552,-6.42711,7.54206 -19.0117,-2.40324,68.75
-5.19155,7.08665,6.10038 -18.3461,2.36357,68.75
0.321994,1.12439,0.011282 0.321994,1.12439,68.75
-0.894959,-2.31618,4.63248 -17.8088,-0.761925,68.75
4.80173,16.227,0.011282 4.80173,16.227,68.75
1.35582,2.61559,0.011282 1.35582,2.61559,68.75
6.05919,19.1437,0.011282 6.05919,19.1437,68.75
0.866151,-4.67806,0.011282 0.866151,-4.67806,68.75
1.85603,-0.633926,0.011282 1.85603,-0.633926,68.75
5.53649,-1.82296,0.011282 5.53649,-1.82296,68.75
0.442634,10.0579,0.011282 0.442634,10.0579,68.75
-6.40856,0.96807,7.07113 -18.0866,0.407152,68.75
-14.8932,-0.531901,9.50342 -20.7373,-0.200129,68.75
-5.47184,-3.63768,6.5866 -18.0569,-1.24839,68.75
1.09749,-9.31468,0.011282 1.09749,-9.31468,68.75
-1.78345,8.55797,4.36652 -18.2,2.5016,68.75
16.9583,-6.05688,0.011282 16.9583,-6.05688,68.75
6.54968,-4.7189,0.011282 6.54968,-4.7189,68.75
-48.6539,-1.9251,4.87017 -142.592,-10.0502,68.75
-4.45353,-7.83839,5.68344 -18.2862,-2.59763,68.75
-0.658753,-3.11107,4.46962 -17.9891,-0.906343,68.75
-6.08834,-0.305303,6.95833 -18.1387,-0.147539,68.75
2.85057,13.8631,0.011282 2.85057,13.8631,68.75
3.29163,-2.13499,0.011282 3.29163,-2.13499,68.75
-3.67098,-8.60263,5.22135 -18.4289,-2.71481,68.75
20.0657,1.88667,0.011282 20.0657,1.88667,68.75
-7.78122,19.4736,0.011282 -7.78122,19.4736,68.75
6.67864,-2.62846,0.011282 6.67864,-2.62846,68.75
-11.7277,-11.013,7.56447 -19.9091,-4.20886,68.75
1.99212,1.48089,0.011282 1.99212,1.48089,68.75
4.96432,-17.0285,0.011282 4.96432,-17.0285,68.75
-13.4459,-0.796874,9.1904 -20.1035,-0.360553,68.75
-1.91875,3.53111,5.05448 -17.8299,1.08218,68.75
-9.15314,11.5217,6.69499 -19.4654,3.96002,68.75
-7.50424,12.1382,5.99067 -19.3028,3.95316,68.75
-48.7847,-0.308034,4.84372 -143.037,-1.62624,68.75
-6.19979,-4.25242,6.8193 -18.3134,-1.5113,68.75
-0.523452,-0.71779,4.49595 -17.9782,-0.184458,68.75
3.49992,-4.4978,0.011282 3.49992,-4.4978,68.75
2.62497,0.976983,0.011282 2.62497,0.976983,68.75
-1.01162,14.0075,0.011282 -1.01162,14.0075,68.75
4.07811,2.9719,0.011282 4.07811,2.9719,68.75
1.30485,-8.50134,0.011282 1.30485,-8.50134,68.75
-17.5805,-3.5216,9.84815 -21.7738,-1.54367,68.75
2.71592,-2.65581,0.011282 2.71592,-2.65581,68.75
10.095,13.5154,0.011282 10.095,13.5154,68.75
0.124951,-1.06664,0.011282 0.124951,-1.06664,68.75
-4.142,-2.59488,6.1086 -18.0052,-0.831199,68.75
-5.07057,16.0191,0.011282 -5.07057,16.0191,68.75
-0.696606,10.311,0.011282 -0.696606,10.311,68.75
-1.19204,-3.6211,4.69876 -17.9622,-1.03997,68.75
13.2236,-12.8928,0.011282 13.2236,-12.8928,68.75
-11.5756,14.6666,6.57916 -20.1897,5.1836,68.75
11.6816,-0.504,0.011282 11.6816,-0.504,68.75
0.190188,-0.290074,0.011282 0.190188,-0.290074,68.75
2.74313,-5.75432,0.011282 2.74313,-5.75432,68.75
1.29832,13.8958,0.011282 1.29832,13.8958,68.75
10.943,14.1479,0.011282 10.943,14.1479,68.75
14.5512,-4.63302,0.011282 14.5512,-4.63302,68.75
-2.98052,5.10368,5.40575 -18.198,1.52036,68.75
-10.9686,-9.83167,7.60341 -19.6528,-3.69411,68.75
-6.11081,11.7123,5.57814 -18.9148,3.78867,68.75
2.24696,-13.8622,0.011282 2.24696,-13.8622,68.75
-18.6726,0.194972,10.1168 -22.2242,0.0861213,68.75
-48.8825,0.153423,4.79691 -148.547,0.275203,68.75
-12.4553,9.46074,8.0702 -20.1257,3.62763,68.75
9.46974,17.3234,0.011282 9.46974,17.3234,68.75
-0.773651,7.80186,0.011282 -0.773651,7.80186,68.75
10.6847,14.5866,0.011282 10.6847,14.5866,68.75
8.45844,-10.6711,0.011282 8.45844,-10.6711,68.75
-7.55616,-11.9643,6.05136 -19.1181,-4.09194,68.75
10.7902,4.99323,0.011282 10.7902,4.99323,68.75
-4.47388,6.09156,5.93963 -18.2354,1.94972,68.75
-9.66725,5.34728,7.90218 -19.0762,2.06156,68.75
9.66731,14.8105,0.011282 9.66731,14.8105,68.75
4.81795,2.75134,0.011282 4.81795,2.75134,68.75
-14.4161,-12.1148,7.95138 -20.9818,-4.62787,68.75
-18.3661,-6.97316,9.6001 -22.2291,-2.93754,68.75
-11.5832,10.9307,7.54413 -19.8262,4.19566,68.75
-12.0559,0.895893,8.85166 -19.7056,0.393856,68.75
-10.8351,6.23737,8.14334 -19.3724,2.48053,68.75
4.81815,-1.01413,0.011282 4.81815,-1.01413,68.75
-5.40141,-3.06761,6.59731 -18.06,-1.11938,68.75
7.06594,-8.9969,0.011282 7.06594,-8.9969,68.75
-7.28678,-14.933,5.14098 -19.557,-4.5454,68.75
11.0092,10.316,0.011282 11.0092,10.316,68.75
-10.5555,7.1464,7.94203 -19.4882,2.74133,68.75
9.69405,16.7203,0.011282 9.69405,16.7203,68.75
-48.6071,3.63285,4.79595 -147.103,18.7937,68.75
4.91919,-13.8575,0.011282 4.91919,-13.8575,68.75
-0.202278,0.0603611,4.339 -17.9092,-0.0168359,68.75
1.25042,-2.10983,0.011282 1.25042,-2.10983,68.75
-2.2216,2.23798,5.27292 -17.8091,0.668422,68.75
16.0886,-1.04135,0.011282 16.0886,-1.04135,68.75
2.82354,-12.8781,0.011282 2.82354,-12.8781,68.75
0.374098,-1.12821,0.011282 0.374098,-1.12821,68.75
0.424398,0.452893,0.011282 0.424398,0.452893,68.75
-8.40342,-7.47854,7.22394 -18.8965,-2.75191,68.75
-48.8914,0.0629552,4.79278 -148.556,0.497409,68.75
-10.8613,-0.422016,8.53639 -19.2589,-0.16501,68.75
4.80495,-9.41854,0.011282 4.80495,-9.41854,68.75
-1.78836,-0.00972927,5.12025 -17.8701,0.0604034,68.75
3.05923,11.094,0.011282 3.05923,11.094,68.75
1.70677,-4.35956,0.011282 1.70677,-4.35956,68.75
8.96754,-16.9197,0.011282 8.96754,-16.9197,68.75
-10.0905,13.1166,6.58901 -19.7209,4.67071,68.75
-9.04333,7.4703,7.43415 -18.9728,2.78726,68.75
14.0998,12.956,0.011282 14.0998,12.956,68.75
13.3462,-3.73057,0.011282 13.3462,-3.73057,68.75
1.17148,8.09402,0.011282 1.17148,8.09402,68.75
-5.82248,18.1017,0.011282 -5.82248,18.1017,68.75
3.05791,-0.761861,0.011282 3.05791,-0.761861,68.75
-9.70435,-16.5921,5.42247 -20.1186,-5.326,68.75
7.50067,-12.2073,0.011282 7.50067,-12.2073,68.75
6.80632,-13.8218,0.011282 6.80632,-13.8218,68.75
-42.1005,18.2363,3.81878 -107.498,87.4928,68.75
-14.4809,-2.74373,9.34818 -20.6608,-1.11669,68.75
1.25293,-2.29949,0.011282 1.25293,-2.29949,68.75
-48.6242,-1.28295,4.90558 -142.635,-6.93925,68.75
8.08684,3.57253,0.011282 8.08684,3.57253,68.75
4.67573,-1.77762,0.011282 4.67573,-1.77762,68.75
-0.326565,9.36825,0.011282 -0.326565,9.36825,68.75
-9.41494,2.81206,8.03091 -18.9037,1.09616,68.75
-2.73159,-1.89797,5.52184 -17.891,-0.638405,68.75
5.82814,14.4938,0.011282 5.82814,14.4938,68.75
-4.58296,-1.35698,6.34303 -17.8943,-0.484484,68.75
-7.13597,4.09954,7.17796 -18.5195,1.52365,68.75
-1.24918,19.2764,0.011282 -1.24918,19.2764,68.75
2.28094,12.982,0.011282 2.28094,12.982,68.75
12.0283,3.18513,0.011282 12.0283,3.18513,68.75
4.51117,0.953092,0.011282 4.51117,0.953092,68.75
18.5272,2.8336,0.011282 18.5272,2.8336,68.75
12.5142,2.89206,0.011282 12.5142,2.89206,68.75
13.104,-12.3683,0.011282 13.104,-12.3683,68.75
-8.3492,-11.8051,6.36409 -19.2395,-4.10867,68.75
-1.90007,1.21719,5.15814 -17.9466,0.305995,68.75
-3.81942,-15.5531,0.011282 -3.81942,-15.5531,68.75
9.61279,-4.28914,0.011282 9.61279,-4.28914,68.75
19.1122,-4.67101,0.011282 19.1122,-4.67101,68.75
0.868619,2.32383,0.011282 0.868619,2.32383,68.75
-7.01506,1.19941,7.28873 -18.3146,0.458654,68.75
-1.96362,-2.05621,5.15999 -17.9681,-0.585578,68.75
13.6823,-11.7021,0.011282 13.6823,-11.7021,68.75
-7.86482,-5.33991,7.31653 -18.6743,-1.98331,68.75
-9.78042,13.884,6.28495 -19.8304,4.75486,68.75
2.91697,-0.515614,0.011282 2.91697,-0.515614,68.75
-48.7999,1.16604,4.82349 -146.838,5.47187,68.75
3.15599,-1.51587,0.011282 3.15599,-1.51587,68.75
-19.0221,-2.76366,10.0848 -22.4728,-1.17301,68.75
9.58435,-3.52197,0.011282 9.58435,-3.52197,68.75
0.474151,16.4713,0.011282 0.474151,16.4713,68.75
-3.44622,-0.613917,5.8733 -17.8259,-0.174547,68.75
11.9627,4.17406,0.011282 11.9627,4.17406,68.75
-9.67258,-13.2131,6.43546 -19.6667,-4.60155,68.75
20.0525,-3.46044,0.011282 20.0525,-3.46044,68.75
1.06884,-0.459366,0.011282 1.06884,-0.459366,68.75
6.64337,-9.48766,0.011282 6.64337,-9.48766,68.75
2.04379,-0.126906,0.011282 2.04379,-0.126906,68.75
4.64917,-11.0675,0.011282 4.64917,-11.0675,68.75
-45.4837,12.2191,4.81231 -129.604,62.2645,68.75
-13.3852,14.0213,7.22269 -20.7444,5.17298,68.75
14.6669,-12.1908,0.011282 14.6669,-12.1908,68.75
-6.15194,5.07555,6.72397 -18.348,1.7505,68.75
-15.9323,1.97967,9.66391 -21.1367,0.849794,68.75
7.32771,-18.1506,0.011282 7.32771,-18.1506,68.75
15.4004,-12.9793,0.011282 15.4004,-12.9793,68.75
1.64398,-17.0123,0.011282 1.64398,-17.0123,68.75
-1.28772,6.63805,4.42694 -18.113,1.89281,68.75
14.6349,-2.65311,0.011282 14.6349,-2.65311,68.75
11.7539,-17.5867,0.011282 11.7539,-17.5867,68.75
-0.0392034,1.56496,0.011282 -0.0392034,1.56496,68.75
18.2094,3.898,0.011282 18.2094,3.898,68.75
-48.8593,-0.115531,4.80834 -146.666,-0.229569,68.75
4.94315,-2.56823,0.011282 4.94315,-2.56823,68.75
-13.7481,-5.95747,8.91339 -20.398,-2.45844,68.75
0.717101,13.5279,0.011282 0.717101,13.5279,68.75
-10.5336,8.3967,7.74123 -19.4315,3.20817,68.75
0.327717,-0.946388,0.011282 0.327717,-0.946388,68.75
-47.5266,-7.58198,4.85262 -136.68,-38.1789,68.75
-8.70792,11.9584,6.44639 -19.345,4.15886,68.75
6.26784,-0.62546,0.011282 6.26784,-0.62546,68.75
0.503988,0.344739,0.011282 0.503988,0.344739,68.75
4.80068,1.66113,0.011282 4.80068,1.66113,68.75
11.1829,3.59324,0.011282 11.1829,3.59324,68.75
-2.65627,-3.36232,5.4094 -17.8229,-1.02784,68.75
3.8763,11.0009,0.011282 3.8763,11.0009,68.75
15.7878,10.8172,0.011282 15.7878,10.8172,68.75
-7.44854,-10.3678,6.37481 -18.7973,-3.61593,68.75
5.18338,-4.59168,0.011282 5.18338,-4.59168,68.75
0.671557,5.71408,0.011282 0.671557,5.71408,68.75
-6.32517,11.2517,5.76758 -18.9542,3.58824,68.75
-6.5076,-1.78634,7.08527 -18.1376,-0.615224,68.75
9.7092,4.73295,0.011282 9.7092,4.73295,68.75
1.55581,-0.510958,0.011282 1.55581,-0.510958,68.75
0.395635,-14.7566,0.011282 0.395635,-14.7566,68.75
9.71746,-9.84913,0.011282 9.71746,-9.84913,68.75
-0.738943,0.2308,4.60944 -18.0115,0.00479518,68.75
5.05687,-0.767264,0.011282 5.05687,-0.767264,68.75
12.7838,-7.69705,0.011282 12.7838,-7.69705,68.75
-11.8441,-9.56266,7.89388 -19.8828,-3.66901,68.75
10.2276,13.5354,0.011282 10.2276,13.5354,68.75
3.53578,-2.628,0.011282 3.53578,-2.628,68.75
9.14053,4.68076,0.011282 9.14053,4.68076,68.75
-48.747,0.529226,4.8601 -143.02,2.5895,68.75
11.1952,12.0206,0.011282 11.1952,12.0206,68.75
-18.7573,3.21664,10.0263 -22.2788,1.40288,68.75
-2.43625,-5.53379,5.11029 -18.0597,-1.71068,68.75
-12.0348,-4.26959,8.67299 -19.7271,-1.7332,68.75
0.371268,13.8379,0.011282 0.371268,13.8379,68.75
-10.1347,-8.2057,7.65597 -19.45,-3.09505,68.75
3.55269,2.52069,0.011282 3.55269,2.52069,68.75
-2.82945,-0.0160261,5.60315 -17.8808,0.0496055,68.75
12.1309,17.0151,0.011282 12.1309,17.0151,68.75
12.0525,-4.61625,0.011282 12.0525,-4.61625,68.75
-0.548299,-5.92347,0.011282 -0.548299,-5.92347,68.75
2.39817,-8.68977,0.011282 2.39817,-8.68977,68.75
-9.91271,8.54989,7.53171 -19.342,3.1603,68.75
-14.1241,-11.1775,8.10698 -20.844,-4.279,68.75
-10.0644,-8.08676,7.65438 -19.4243,-3.05789,68.75
2.18416,-5.18451,0.011282 2.18416,-5.18451,68.75
18.8853,6.76488,0.011282 18.8853,6.76488,68.75
-1.76311,-6.19336,4.71543 -18.1672,-1.87447,68.75
15.3686,-12.5327,0.011282 15.3686,-12.5327,68.75
-18.4404,1.67657,10.0603 -22.1246,0.740684,68.75
13.1248,-15.1606,0.011282 13.1248,-15.1606,68.75
-19.2267,-5.89995,9.84141 -22.4624,-2.57861,68.75
-2.88497,-15.6399,0.011282 -2.88497,-15.6399,68.75
-3.21918,-0.768637,5.77124 -17.9793,-0.188609,68.75
-5.17037,15.9894,0.011282 -5.17037,15.9894,68.75
5.39124,7.21823,0.011282 5.39124,7.21823,68.75
0.00876962,0.614039,0.011282 0.00876962,0.614039,68.75
-5.65712,-7.09628,6.28391 -18.3956,-2.39687,68.75
1.32667,-0.100317,0.011282 1.32667,-0.100317,68.75
-2.39253,5.37576,5.10775 -18.0494,1.68912,68.75
3.31511,5.80372,0.011282 3.31511,5.80372,68.75
12.9553,15.2398,0.011282 12.9553,15.2398,68.75
-0.203385,-19.6601,0.011282 -0.203385,-19.6601,68.75
-2.8509,-1.10226,5.6004 -17.8856,-0.380061,68.75
-3.09196,3.23476,5.61436 -17.747,1.10985,68.75
-5.11618,9.92882,5.57854 -18.562,3.15156,68.75
11.8575,-0.659342,0.011282 11.8575,-0.659342,68.75
2.13421,5.01727,0.011282 2.13421,5.01727,68.75
0.889138,6.1879,0.011282 0.889138,6.1879,68.75
-0.69947,19.0839,0.011282 -0.69947,19.0839,68.75
-12.099,4.57776,8.66248 -19.7236,1.84027,68.75
-16.7745,1.4025,9.82664 -21.5119,0.588019,68.75
0.429791,-0.347456,0.011282 0.429791,-0.347456,68.75
-7.95655,15.5316,5.19284 -19.847,4.73123,68.75
2.37793,3.23265,0.011282 2.37793,3.23265,68.75
-3.18878,4.94872,5.51432 -18.0271,1.59139,68.75
-10.4437,-5.7,8.09532 -19.4209,-2.20857,68.75
15.2352,2.46574,0.011282 15.2352,2.46574,68.75
0.469982,13.0146,0.011282 0.469982,13.0146,68.75
5.98383,-18.7458,0.011282 5.98383,-18.7458,68.75
-0.457586,-0.612657,4.46422 -17.9249,-0.231483,68.75
-2.6869,-15.7249,0.011282 -2.6869,-15.7249,68.75
14.782,2.5795,0.011282 14.782,2.5795,68.75
7.40655,19.7349,0.011282 7.40655,19.7349,68.75
4.30486,13.052,0.011282 4.30486,13.052,68.75
0.0318219,4.55383,0.011282 0.0318219,4.55383,68.75
1.91977,-6.88985,0.011282 1.91977,-6.88985,68.75
10.1149,-6.70352,0.011282 10.1149,-6.70352,68.75
3.92842,-13.8288,0.011282 3.92842,-13.8288,68.75
-0.216001,6.70695,0.011282 -0.216001,6.70695,68.75
9.19033,16.6327,0.011282 9.19033,16.6327,68.75
0.00789693,-4.13201,0.011282 0.00789693,-4.13201,68.75
-1.26962,0.111055,4.87085 -17.7758,0.0390307,68.75
-8.11073,17.8841,4.43974 -20.0866,5.15374,68.75
-0.343406,-0.285615,4.4096 -17.8283,-0.0566432,68.75
-4.24323,-8.84735,5.4239 -18.3394,-2.79137,68.75
1.89788,-3.46539,0.011282 1.89788,-3.46539,68.75
-9.0555,-8.02577,7.35174 -19.1572,-2.93429,68.75
13.6013,3.73993,0.011282 13.6013,3.73993,68.75
-0.569605,-0.0854435,4.52446 -18.0246,-0.00937285,68.75
-2.05184,0.461398,5.24273 -17.7219,0.119568,68.75
0.735727,-6.58053,0.011282 0.735727,-6.58053,68.75
4.68906,-10.2886,0.011282 4.68906,-10.2886,68.75
-4.91496,1.73512,6.46685 -18.0555,0.643149,68.75
-0.564884,8.40239,0.011282 -0.564884,8.40239,68.75
-11.8395,-6.20272,8.421 -19.7121,-2.48955,68.75
-2.85051,-0.266568,5.61186 -17.6581,-0.0726664,68.75
-16.5987,9.98167,8.83309 -21.6381,4.02891,68.75
-6.88935,-0.756799,7.25204 -18.2111,-0.311999,68.75
-7.78822,16.7086,4.74512 -19.9333,4.87734,68.75
6.00397,-5.54876,0.011282 6.00397,-5.54876,68.75
-2.23382,-13.6341,0.011282 -2.23382,-13.6341,68.75
1.56463,-0.984456,0.011282 1.56463,-0.984456,68.75
-18.2815,-9.72228,9.13563 -22.2407,-4.01586,68.75
-10.054,-3.52781,8.18031 -19.1276,-1.39168,68.75
0.274175,9.7934,0.011282 0.274175,9.7934,68.75
-3.66283,-3.1452,5.87103 -17.901,-1.08101,68.75
-2.58757,-17.3949,0.011282 -2.58757,-17.3949,68.75
2.50472,3.72677,0.011282 2.50472,3.72677,68.75
-6.05182,1.01552,6.93504 -18.0884,0.332045,68.75
15.1561,10.6757,0.011282 15.1561,10.6757,68.75
-3.47773,-4.3803,5.69573 -17.957,-1.36871,68.75
-0.568888,-13.7652,0.011282 -0.568888,-13.7652,68.75
-0.846016,1.06161,4.65163 -17.8066,0.246997,68.75
-19.7366,-6.63245,9.80617 -22.7135,-2.85616,68.75
12.5796,14.7826,0.011282 12.5796,14.7826,68.75
-6.56488,-4.42636,6.94127 -18.2741,-1.56115,68.75
-6.82064,6.62133,6.7911 -18.4782,2.32074,68.75
19.3578,-0.642377,0.011282 19.3578,-0.642377,68.75
-3.19189,-9.77238,4.78979 -18.6405,-2.81335,68.75
0.569096,9.40635,0.011282 0.569096,9.40635,68.75
4.69377,13.7329,0.011282 4.69377,13.7329,68.75
3.46252,-8.66164,0.011282 3.46252,-8.66164,68.75
-23.4477,0.339501,10.485 -76.3837,-10.6861,68.75
-19.9926,-6.88954,9.79786 -22.8364,-3.01124,68.75
9.68136,-9.81834,0.011282 9.68136,-9.81834,68.75
-13.8122,-5.42438,8.98789 -20.3272,-2.28222,68.75
17.8866,-0.261465,0.011282 17.8866,-0.261465,68.75
2.29919,7.58041,0.011282 2.29919,7.58041,68.75
-18.0784,2.60752,9.97345 -21.94,1.14465,68.75
-9.8549,-17.5716,5.12677 -20.3515,-5.38975,68.75
0.965088,18.5215,0.011282 0.965088,18.5215,68.75
-12.4328,2.10812,8.91061 -19.839,0.835759,68.75
3.98023,3.33517,0.011282 3.98023,3.33517,68.75
1.5518,-0.401315,0.011282 1.5518,-0.401315,68.75
4.74299,-5.31853,0.011282 4.74299,-5.31853,68.75
16.3464,-10.1435,0.011282 16.3464,-10.1435,68.75
10.9587,2.93338,0.011282 10.9587,2.93338,68.75
2.74568,0.1076,0.011282 2.74568,0.1076,68.75
9.63217,-8.6162,0.011282 9.63217,-8.6162,68.75
-1.83718,-5.98167,4.77743 -18.2625,-1.81012,68.75
0.372147,-4.94479,0.011282 0.372147,-4.94479,68.75
-12.2567,-8.22585,8.23816 -20.0032,-3.24286,68.75
-6.27755,10.2723,5.96388 -18.8724,3.36247,68.75
5.90002,0.748813,0.011282 5.90002,0.748813,68.75
-16.3271,5.94823,9.42283 -21.387,2.50324,68.75
-0.106141,-6.87117,0.011282 -0.106141,-6.87117,68.75
5.13873,-15.3695,0.011282 5.13873,-15.3695,68.75
0.498519,-10.4328,0.011282 0.498519,-10.4328,68.75
-0.851505,0.413807,4.66411 -17.8268,0.191541,68.75
-1.96452,17.2333,0.011282 -1.96452,17.2333,68.75
7.001,-4.27036,0.011282 7.001,-4.27036,68.75
8.76446,-5.46025,0.011282 8.76446,-5.46025,68.75
14.2491,-12.6395,0.011282 14.2491,-12.6395,68.75
-17.2347,-7.91519,9.30082 -21.6973,-3.33403,68.75
2.79897,3.57511,0.011282 2.79897,3.57511,68.75
1.58114,3.57388,0.011282 1.58114,3.57388,68.75
-6.6619,3.30991,7.06448 -18.1681,1.22933,68.75
3.29489,1.96186,0.011282 3.29489,1.96186,68.75
15.5819,12.5531,0.011282 15.5819,12.5531,68.75
8.26883,-6.13478,0.011282 8.26883,-6.13478,68.75
7.06953,17.4187,0.011282 7.06953,17.4187,68.75
3.35056,-2.46129,0.011282 3.35056,-2.46129,68.75
-1.80768,-0.896482,5.12112 -17.877,-0.265155,68.75
4.24338,-5.20985,0.011282 4.24338,-5.20985,68.75
-2.49877,5.11019,5.18551 -18.1681,1.56449,68.75
5.92709,-8.26097,0.011282 5.92709,-8.26097,68.75
-18.2424,-8.8724,9.28675 -22.1144,-3.78045,68.75
-19.3189,3.05991,10.1016 -22.4498,1.37777,68.75
0.0310551,-0.425366,0.011282 0.0310551,-0.425366,68.75
17.6201,-4.14005,0.011282 17.6201,-4.14005,68.75
14.6761,2.20932,0.011282 14.6761,2.20932,68.75
12.8018,7.71661,0.011282 12.8018,7.71661,68.75
0.262098,-2.94086,0.011282 0.262098,-2.94086,68.75
16.8179,-2.15154,0.011282 16.8179,-2.15154,68.75
-9.8142,2.88113,8.14967 -18.9768,1.14149,68.75
6.43919,3.4296,0.011282 6.43919,3.4296,68.75
-11.7298,-6.57905,8.34435 -19.8059,-2.5968,68.75
-3.07759,12.523,0.011282 -3.07759,12.523,68.75
6.37124,1.72212,0.011282 6.37124,1.72212,68.75
-1.05373,0.867049,4.758 -17.9925,0.201492,68.75
1.03808,-15.4731,0.011282 1.03808,-15.4731,68.75
-9.20478,17.5841,4.91644 -20.1881,5.27823,68.75
-19.2209,8.47013,9.47667 -22.5166,3.62948,68.75
2.22269,-0.663365,0.011282 2.22269,-0.663365,68.75
3.80272,11.5846,0.011282 3.80272,11.5846,68.75
-2.23768,18.4066,0.011282 -2.23768,18.4066,68.75
-1.68182,9.26602,0.011282 -1.68182,9.26602,68.75
-9.53192,-1.81746,8.11349 -18.8833,-0.710631,68.75
-4.64612,-6.99829,5.89046 -18.2654,-2.37516,68.75
-6.36186,5.22135,6.78791 -18.3215,1.84858,68.75
-19.0829,2.1237,10.1223 -22.4269,0.923421,68.75
-48.9144,-0.513217,4.77875 -147.83,-3.1529,68.75
14.2869,-3.34756,0.011282 14.2869,-3.34756,68.75
-21.059,-0.730455,10.3526 -23.1748,-0.328564,68.75
6.96031,2.94672,0.011282 6.96031,2.94672,68.75
-12.6407,-1.86643,8.97179 -19.7917,-0.766381,68.75
-12.3687,-7.84549,8.32712 -20.0277,-3.10583,68.75
13.728,0.902231,0.011282 13.728,0.902231,68.75
1.80388,20.694,0.011282 1.80388,20.694,68.75
-0.559449,15.4279,0.011282 -0.559449,15.4279,68.75
5.62401,1.84791,0.011282 5.62401,1.84791,68.75
-7.21462,10.4499,6.27363 -18.9452,3.60882,68.75
17.1939,-6.78989,0.011282 17.1939,-6.78989,68.75
8.29163,3.21315,0.011282 8.29163,3.21315,68.75
9.01066,6.93134,0.011282 9.01066,6.93134,68.75
0.582675,15.6857,0.011282 0.582675,15.6857,68.75
0.800475,-6.95059,0.011282 0.800475,-6.95059,68.75
-11.2764,13.3835,6.86063 -20.1667,4.7225,68.75
-2.49486,6.86061,4.96922 -18.2764,2.11073,68.75
0.0659233,-8.71633,0.011282 0.0659233,-8.71633,68.75
-5.31608,-3.93979,6.50178 -18.2413,-1.36871,68.75
0.940531,12.5167,0.011282 0.940531,12.5167,68.75
17.9564,-2.12212,0.011282 17.9564,-2.12212,68.75
-3.51513,-2.93596,5.81988 -17.9458,-0.971969,68.75
-16.2205,-7.08604,9.25815 -21.3379,-2.97887,68.75
11.5351,5.7204,0.011282 11.5351,5.7204,68.75
-9.81417,-9.8681,7.25786 -19.289,-3.65628,68.75
-7.67016,-10.1643,6.49509 -19.0554,-3.52453,68.75
-14.6511,-13.2091,7.72334 -21.0295,-5.11786,68.75
0.119705,0.493832,0.011282 0.119705,0.493832,68.75
4.42468,0.518744,0.011282 4.42468,0.518744,68.75
4.22492,-17.1927,0.011282 4.22492,-17.1927,68.75
7.35485,-6.98588,0.011282 7.35485,-6.98588,68.75
1.77541,-2.90278,0.011282 1.77541,-2.90278,68.75
2.09156,-6.09936,0.011282 54.0411,-17.7146,68.75
21.0825,1.11362,0.011282 21.0825,1.11362,68.75
-5.40254,2.64363,6.62214 -18.0881,0.917248,68.75
2.73473,-1.74038,0.011282 2.73473,-1.74038,68.75
4.82851,-8.96472,0.011282 4.82851,-8.96472,68.75
